{
  "init_time": [
    2.1238021850585938, 2.160121440887451, 2.1532232761383057,
    2.152902126312256, 2.1603095531463623, 2.155019521713257, 2.161848306655884,
    2.1272144317626953, 2.163053035736084, 2.1339282989501953,
    2.142557144165039, 2.1466941833496094, 2.1823301315307617,
    2.1434037685394287, 2.125044822692871, 2.1800851821899414,
    2.1291005611419678, 2.144017219543457, 2.162229061126709,
    2.1543772220611572, 2.1433610916137695, 2.1413512229919434,
    2.142991065979004, 2.1637063026428223, 2.144561290740967,
    2.1376254558563232, 2.1277947425842285, 2.1400747299194336,
    2.1443607807159424, 2.1304562091827393, 2.1373941898345947,
    2.1243815422058105, 2.1563515663146973, 2.1316895484924316,
    2.1737232208251953, 2.1512680053710938, 2.1581156253814697,
    2.152236223220825, 2.123652935028076, 2.1621627807617188,
    2.1229822635650635, 2.1428022384643555, 2.1399264335632324,
    2.1378934383392334, 2.1358604431152344, 2.1604249477386475,
    2.1465957164764404, 2.1118686199188232, 2.1488192081451416,
    2.1461262702941895, 2.139716386795044, 2.1331775188446045, 2.128967523574829
  ],
  "init_camera_time":[0]
  }