{
  "init_camera_time": [
    0.00004482269287109375,
    0.0012791156768798828,
    0.00003886222839355469,
    0.0016489028930664062,
    0.000827789306640625,
    0.00003910064697265625,
    0.000050067901611328125,
    0.00006985664367675781,
    0.00004601478576660156,
    0.000041961669921875
  ],
  "init_time": [
    0.25905323028564453,
    0.2463071346282959,
    0.1611487865447998,
    0.19927692413330078,
    0.13221001625061035,
    0.19781184196472168,
    0.3448450565338135,
    0.19589877128601074,
    0.4484407901763916,
    0.23394465446472168
  ]
}
