{
  "init_camera_time": [
    1.3737685680389404, 1.3681466579437256, 1.3687691688537598,
    1.3718593120574951, 1.3691520690917969, 1.3771779537200928,
    1.3785986518859863, 1.3830666542053223, 1.3757975101470947,
    1.3770248889923096
  ],
  "init_time": [
    2.138526678085327, 2.1421661376953125, 2.1606972217559814,
    2.1153721809387207, 2.145624876022339, 2.133333683013916,
    2.1212356090545654, 2.13661527633667, 2.141289234161377, 2.1386404037475586
  ]
}
