{"take_image": [0.5698387622833252, 0.22285795211791992, 0.26737546920776367, 0.25200796127319336, 0.2468571662902832, 0.2522757053375244, 0.2213425636291504, 0.251605749130249, 0.2685682773590088, 0.2923245429992676, 0.26128506660461426, 0.23578786849975586, 0.22211909294128418, 0.2508432865142822, 0.2510032653808594, 0.23442578315734863, 0.26392078399658203, 0.26252269744873047, 0.2288358211517334, 0.2787141799926758, 0.22193098068237305], "exchange_data": [0.05014848709106445, 0.05141949653625488, 0.05052471160888672, 0.049904584884643555, 0.04921460151672363, 0.04912543296813965, 0.05182337760925293, 0.049190521240234375, 0.04908156394958496, 0.050255537033081055, 0.050429344177246094, 0.05041050910949707, 0.05159640312194824, 0.047771453857421875, 0.04873967170715332, 0.053757429122924805, 0.04919838905334473, 0.05035829544067383, 0.05064034461975098, 0.051412343978881836, 0.051497459411621094], "process_image": [1.4620983600616455, 1.454207181930542, 1.6168761253356934, 1.4619140625, 1.4777002334594727, 1.4502966403961182, 1.4621307849884033, 1.545274019241333, 1.4704339504241943, 1.4725685119628906, 1.4257712364196777, 1.4901671409606934, 1.544288158416748, 1.915062427520752, 1.435727834701538, 1.4511969089508057, 1.461458444595337, 1.4233672618865967, 1.5693483352661133, 1.458925485610962, 1.6155741214752197], "start_time": [1.617722511291504]}