{
  "process_image": [
    2.608675718307495, 2.6307625770568848, 2.6843535900115967,
    2.599350690841675, 2.6721444129943848, 2.645892381668091,
    2.6943252086639404, 2.6618103981018066, 2.619738817214966,
    2.6065280437469482, 2.6227686405181885, 2.6686694622039795,
    2.6014208793640137, 2.63588547706604, 2.6358542442321777
  ],
  "start_time": [1.6111066341400146],
  "take_image": [
    0.7012343406677246, 0.36191821098327637, 0.3980367183685303,
    0.36081624031066895, 0.34669971466064453, 0.37289857864379883,
    0.34961652755737305, 0.3494255542755127, 0.3411428928375244,
    0.3479466438293457, 0.3676598072052002, 0.38439226150512695,
    0.34519243240356445, 0.36996960639953613, 0.37485623359680176
  ],
  "exchange_data": [
    0.05012011528015137, 0.05031919479370117, 0.050379037857055664,
    0.05043220520019531, 0.05037808418273926, 0.050575971603393555,
    0.05038928985595703, 0.05144500732421875, 0.04798126220703125,
    0.05174708366394043, 0.04920005798339844, 0.05057406425476074,
    0.051637887954711914, 0.049085140228271484, 0.050415992736816406
  ]
}
