{
  "exchange_data": [
    0.05025196075439453, 0.04916691780090332, 0.05166292190551758,
    0.05303192138671875, 0.04893088340759277, 0.048294782638549805,
    0.049423933029174805, 0.04822278022766113, 0.051654815673828125,
    0.05045890808105469, 0.052928924560546875, 0.051831960678100586,
    0.049215078353881836, 0.04807472229003906, 0.05040574073791504,
    0.05048871040344238, 0.05046796798706055, 0.05045795440673828,
    0.04922604560852051, 0.04914379119873047, 0.05025076866149902
  ],
  "take_image": [
    0.5838267803192139, 0.2568204402923584, 0.27431631088256836,
    0.24022245407104492, 0.2661244869232178, 0.25952839851379395,
    0.2670774459838867, 0.2614123821258545, 0.27939319610595703,
    0.2684824466705322, 0.22223448753356934, 0.28073930740356445,
    0.2529332637786865, 0.2606344223022461, 0.2631871700286865,
    0.2548685073852539, 0.22087430953979492, 0.23063158988952637,
    0.2519984245300293, 0.26291751861572266, 0.23884844779968262
  ],
  "process_image": [
    1.539090633392334, 1.5087597370147705, 1.6408743858337402,
    1.503556489944458, 1.666335105895996, 1.5403454303741455,
    1.5341205596923828, 1.5226304531097412, 1.5298352241516113,
    1.6444079875946045, 1.5022385120391846, 1.4710474014282227,
    1.6164839267730713, 1.4518475532531738, 1.4833192825317383,
    1.5197429656982422, 1.5180821418762207, 1.5136592388153076,
    1.4827311038970947, 1.4685862064361572, 1.5209729671478271
  ],
  "start_time": [1.4644618034362793]
}
