{
  "exchange_data": [
    0.05022239685058594, 0.0487513542175293, 0.05163836479187012,
    0.04915952682495117, 0.051627397537231445, 0.05031633377075195,
    0.050386667251586914, 0.05045747756958008, 0.049170494079589844,
    0.05057644844055176, 0.05161452293395996, 0.05160665512084961
  ],
  "process_image": [
    3.732858896255493, 3.124248743057251, 3.7962563037872314, 3.146196126937866,
    3.7386646270751953, 3.1959328651428223, 3.8320302963256836,
    3.1947944164276123, 3.759089946746826, 3.1992366313934326,
    3.8362362384796143, 3.267965793609619
  ],
  "start_time": [1.621873378753662],
  "take_image": [
    0.6467564105987549, 0.3915724754333496, 0.35269999504089355,
    0.37101244926452637, 0.34977006912231445, 0.36980175971984863,
    0.3682858943939209, 0.34720349311828613, 0.3856394290924072,
    0.3970012664794922, 0.3519713878631592, 0.3503115177154541
  ]
}
