{
  "exchange_data": [
    0.200453519821167, 0.197645902633667, 0.20330381393432617,
    0.20047402381896973, 0.19820904731750488, 0.20012903213500977,
    0.20317316055297852, 0.20305919647216797, 0.20305633544921875,
    0.20409131050109863, 0.20340919494628906, 0.20296883583068848,
    0.19955778121948242, 0.20035052299499512, 0.1974172592163086,
    0.20026326179504395, 0.20047903060913086, 0.20435690879821777,
    0.20034360885620117
  ],
  "process_image": [
    1.7743113040924072, 1.2816681861877441, 1.2571897506713867,
    1.2127349376678467, 1.2928061485290527, 1.268310785293579,
    1.2731232643127441, 1.2798304557800293, 1.2723321914672852,
    1.2675635814666748, 1.2621581554412842, 1.2165677547454834,
    1.257124662399292, 1.2091114521026611, 1.2432372570037842,
    1.2588002681732178, 1.2820510864257812, 1.2557952404022217,
    1.2119696140289307
  ],
  "start_time": [0.17214298248291016,0.6457629203796387,0.1141049861907959,0.13485097885131836, 0.08023190498352051, 0.17214298248291016,
    0.1141049861907959, 0.2431638240814209, 0.0668478012084961,
    0.23329472541809082, 0.0657036304473877, 0.06677818298339844,
    0.06678175926208496, 0.06612563133239746, 0.24684643745422363,
    0.06741476058959961, 0.24741625785827637, 0.06647729873657227,
    0.06752705574035645, 0.22614192962646484, 0.2517690658569336,
    0.06639933586120605, 0.2292346954345703, 1.6695051193237305,
    1.6023831367492676, 0.06765937805175781, 0.06694650650024414,
    0.06914091110229492, 0.06792044639587402
  ],
  "take_image": [
    1.135622262954712, 0.6145126819610596, 0.5613119602203369,
    0.5970652103424072, 0.5471489429473877, 0.5545060634613037,
    0.5756468772888184, 0.5689129829406738, 0.5639786720275879,
    0.5696640014648438, 0.5760242938995361, 0.5805857181549072,
    0.612440824508667, 0.5975735187530518, 0.549232006072998,
    0.6016623973846436, 0.5943799018859863, 0.563147783279419,
    0.5993609428405762
  ]
}
