{
  "take_image": [
    1.2887718677520752, 0.715203046798706, 0.7177488803863525,
    0.6624915599822998, 0.6292762756347656, 0.6563737392425537,
    0.6756644248962402, 0.6486570835113525, 0.7263736724853516,
    0.6968281269073486, 0.7295546531677246, 0.7536494731903076,
    0.7142019271850586
  ],
  "exchange_data": [
    0.2003629207611084, 0.19770288467407227, 0.2026989459991455,
    0.20296669006347656, 0.19859600067138672, 0.20098280906677246,
    0.2034757137298584, 0.20090484619140625, 0.20019102096557617,
    0.20099973678588867, 0.19984078407287598, 0.1972637176513672,
    0.2034437656402588
  ],
  "process_image": [
    2.121222972869873, 2.4630935192108154, 2.4356019496917725,
    2.318347930908203, 1.9742321968078613, 2.3869478702545166,
    2.475010395050049, 1.9414188861846924, 2.9740777015686035,
    2.5581161975860596, 2.7341325283050537, 3.0355846881866455,
    2.487048387527466
  ],
  "start_time": [0.17214298248291016,0.6457629203796387,0.1141049861907959,0.13485097885131836, 0.08023190498352051, 0.17214298248291016,
    0.1141049861907959, 0.2431638240814209, 0.0668478012084961,
    0.23329472541809082, 0.0657036304473877, 0.06677818298339844,
    0.06678175926208496, 0.06612563133239746, 0.24684643745422363,
    0.06741476058959961, 0.24741625785827637, 0.06647729873657227,
    0.06752705574035645, 0.22614192962646484, 0.2517690658569336,
    0.06639933586120605, 0.2292346954345703, 1.6695051193237305,
    1.6023831367492676, 0.06765937805175781, 0.06694650650024414,
    0.06914091110229492, 0.06792044639587402
  ]
}
