{
  "start_time": [0.5957200527191162],
  "exchange_data": [
    0.4077582359313965, 0.25825929641723633, 7.176399230957031e-5,
    0.2800719738006592, 0.1363658905029297, 0.32938694953918457,
    0.09875726699829102, 0.14233613014221191, 0.1008608341217041,
    0.2097339630126953, 0.2082080841064453, 0.19237184524536133,
    0.09499812126159668, 0.09397482872009277, 0.1521618366241455,
    0.08696699142456055, 0.2098391056060791, 0.20944786071777344,
    0.03462481498718262, 0.09898614883422852, 0.14619207382202148,
    0.2534339427947998, 0.09618473052978516, 0.08548092842102051,
    0.1387951374053955, 0.13909578323364258, 0.09066104888916016,
    0.09042000770568848, 0.2565791606903076, 0.20646882057189941,
    0.2398238182067871, 0.35008716583251953, 0.15032601356506348,
    0.3017420768737793, 0.014017105102539062, 0.350355863571167,
    0.24681591987609863, 0.24183297157287598, 0.1925661563873291,
    0.09944796562194824, 0.09087419509887695, 0.13158798217773438,
    0.13977313041687012, 0.3762948513031006, 0.25563597679138184,
    0.1371021270751953, 0.14405012130737305, 0.0923309326171875,
    0.13965892791748047, 0.22114777565002441, 9.298324584960938e-5,
    0.0971229076385498, 0.3364980220794678, 9.799003601074219e-5,
    0.2799241542816162, 0.1390070915222168, 0.09627604484558105,
    0.16950297355651855
  ],
  "take_image": [
    0.4401071071624756, 0.28861117362976074, 0.029336929321289062,
    0.30996203422546387, 0.16636395454406738, 0.3596200942993164,
    0.1287679672241211, 0.17283916473388672, 0.13053393363952637,
    0.252338171005249, 0.26356005668640137, 0.22279667854309082,
    0.12469100952148438, 0.15334701538085938, 0.18239998817443848,
    0.11692309379577637, 0.260282039642334, 0.239577054977417,
    0.06457304954528809, 0.13201212882995605, 0.17620182037353516,
    0.2838418483734131, 0.12606477737426758, 0.11409592628479004,
    0.1692061424255371, 0.16918563842773438, 0.1240088939666748,
    0.12044906616210938, 0.29100513458251953, 0.23648381233215332,
    0.26980090141296387, 0.3918750286102295, 0.18080401420593262,
    0.32966136932373047, 0.04388594627380371, 0.3807690143585205,
    0.27907586097717285, 0.2719857692718506, 0.22129011154174805,
    0.12727117538452148, 0.12095785140991211, 0.16149187088012695,
    0.16992712020874023, 0.4078710079193115, 0.2865180969238281,
    0.16634607315063477, 0.17563796043395996, 0.12230396270751953,
    0.17113327980041504, 0.2514309883117676, 0.03001117706298828,
    0.12721872329711914, 0.37415599822998047, 0.030524015426635742,
    0.31092023849487305, 0.16893815994262695, 0.12750005722045898,
    0.2134709358215332
  ],
  "process_image": [
    0.1343700885772705, 0.06218314170837402, 0.047061920166015625,
    0.054208993911743164, 0.04266476631164551, 0.040250301361083984,
    0.03805708885192871, 0.036615848541259766, 0.03485989570617676,
    0.05283689498901367, 0.10598087310791016, 0.034003257751464844,
    0.03890514373779297, 0.051625967025756836, 0.04025602340698242,
    0.04184889793395996, 0.051537275314331055, 0.04241609573364258,
    0.04129600524902344, 0.03563499450683594, 0.039880990982055664,
    0.04017496109008789, 0.03692007064819336, 0.03562498092651367,
    0.039910078048706055, 0.044656991958618164, 0.04698300361633301,
    0.03704500198364258, 0.040637969970703125, 0.041954994201660156,
    0.045171260833740234, 0.04571413993835449, 0.039324045181274414,
    0.04549288749694824, 0.03951215744018555, 0.04636383056640625,
    0.03616786003112793, 0.0412750244140625, 0.03925585746765137,
    0.0506439208984375, 0.042027950286865234, 0.03995394706726074,
    0.05323004722595215, 0.03639101982116699, 0.0391392707824707,
    0.03452587127685547, 0.046588897705078125, 0.03471803665161133,
    0.04137086868286133, 0.05063581466674805, 0.040621280670166016,
    0.03866386413574219, 0.034416913986206055, 0.04414701461791992,
    0.03930997848510742, 0.04721212387084961, 0.03865504264831543,
    0.07576394081115723
  ]
}
