{
  "process_image": [
    0.5398015975952148, 0.8078925609588623, 2.048039436340332,
    7.243620872497559, 8.599069118499756, 0.938784122467041, 0.9144935607910156,
    0.5411732196807861, 1.4830379486083984, 1.280808448791504, 1.844487190246582
  ],
  "exchange_data": [
    0.20049262046813965, 0.1339874267578125, 0.0190126895904541,
    0.20036077499389648, 0.01305079460144043, 0.023692607879638672,
    0.19933390617370605, 0.016176939010620117, 0.011837005615234375,
    0.1976919174194336, 0.19958090782165527
  ],
  "take_image": [
    2.6463780403137207, 2.518125057220459, 2.6446692943573, 4.781238079071045,
    2.849484443664551, 4.942315101623535, 1.891448974609375, 1.8766276836395264,
    3.3092682361602783, 3.577261447906494, 2.205397367477417
  ],
  "start_time": [0.06677818298339844]
}
