{
  "start_time": [0.0657036304473877],
  "exchange_data": [
    0.2005159854888916, 0.012416362762451172, 0.1985781192779541,
    0.012444734573364258, 0.19806909561157227, 0.014296531677246094,
    0.20035123825073242, 0.019617319107055664, 0.19898629188537598,
    0.027410268783569336, 0.2000422477722168, 0.023429155349731445,
    0.20002317428588867, 0.019721269607543945, 0.19934439659118652,
    0.021051406860351562, 0.2005023956298828, 0.012342691421508789,
    0.025477170944213867, 0.20003128051757812, 0.022114276885986328,
    0.1084744930267334, 0.1985185146331787
  ],
  "process_image": [
    0.8150503635406494, 1.535949468612671, 1.8237240314483643,
    0.6803648471832275, 1.0824062824249268, 1.80720853805542,
    1.9979887008666992, 0.7783184051513672, 1.5427236557006836,
    0.937929630279541
  ],
  "take_image": [
    4.214309215545654, 1.9490158557891846, 3.910541534423828, 2.512403726577759,
    3.5422263145446777, 4.603594779968262, 3.0746865272521973,
    2.7660136222839355, 3.047208309173584, 1.9401931762695312, 2.563446283340454
  ]
}
