{
  "exchange_data": [
    0.2005922794342041, 0.021255016326904297, 0.20049452781677246,
    0.026172876358032227, 0.012340784072875977, 0.025652170181274414,
    0.012099504470825195, 0.19889259338378906, 0.20031142234802246,
    0.025042295455932617, 0.012315750122070312, 0.03278803825378418,
    0.022660493850708008, 0.20049262046813965, 0.1339874267578125,
    0.0190126895904541, 0.20036077499389648, 0.01305079460144043,
    0.023692607879638672, 0.19933390617370605, 0.016176939010620117,
    0.011837005615234375, 0.1976919174194336, 0.19958090782165527,
    0.2004406452178955, 0.02871394157409668, 0.20036959648132324,
    0.02702617645263672, 0.026250839233398438, 0.19997382164001465,
    0.012331962585449219, 0.20019745826721191, 0.02720499038696289,
    0.09636092185974121, 0.2000586986541748, 0.021376848220825195,
    0.1551346778869629, 0.20038366317749023, 0.20005464553833008,
    0.012475013732910156, 0.011966943740844727, 0.19916057586669922,
    0.026419639587402344, 0.11226487159729004, 0.1986689567565918,
    0.022741079330444336, 0.2011277675628662, 0.029170751571655273,
    0.20023679733276367, 0.029265880584716797, 0.20051789283752441,
    0.2005159854888916, 0.012416362762451172, 0.1985781192779541,
    0.012444734573364258, 0.19806909561157227, 0.014296531677246094,
    0.20035123825073242, 0.019617319107055664, 0.19898629188537598,
    0.027410268783569336, 0.2000422477722168, 0.023429155349731445,
    0.20002317428588867, 0.019721269607543945, 0.19934439659118652,
    0.021051406860351562, 0.2005023956298828, 0.012342691421508789,
    0.025477170944213867, 0.20003128051757812, 0.022114276885986328,
    0.1084744930267334, 0.1985185146331787
  ],
  "process_image": [
    0.09247279167175293, 0.4130818843841553, 0.22562527656555176,
    0.32063817977905273, 0.47266316413879395, 0.9558897018432617,
    0.5400269031524658, 0.7938954830169678, 1.0006341934204102,
    1.042809009552002, 0.48101019859313965, 0.2150249481201172,
    2.4670188426971436, 1.3073599338531494, 1.9432578086853027,
    1.7866430282592773, 0.7182576656341553, 0.5904228687286377,
    1.3968396186828613, 0.7060403823852539, 0.5105135440826416,
    0.47646617889404297, 0.4421980381011963, 0.8150503635406494,
    1.535949468612671, 1.8237240314483643, 0.6803648471832275,
    1.0824062824249268, 1.80720853805542, 1.9979887008666992,
    0.7783184051513672, 1.5427236557006836, 0.937929630279541,
    0.5398015975952148, 0.8078925609588623, 2.048039436340332,
    7.243620872497559, 8.599069118499756, 0.938784122467041, 0.9144935607910156,
    0.5411732196807861, 1.4830379486083984, 1.280808448791504, 1.844487190246582
  ],
  "take_image": [
    2.8349320888519287, 1.9972474575042725, 2.3230323791503906,
    2.6160221099853516, 1.97426438331604, 2.4092671871185303, 2.386066198348999,
    2.1793906688690186, 5.15106201171875, 1.7785100936889648, 2.002297878265381,
    2.2670061588287354, 2.6092004776000977, 4.214309215545654,
    1.9490158557891846, 3.910541534423828, 2.512403726577759,
    3.5422263145446777, 4.603594779968262, 3.0746865272521973,
    2.7660136222839355, 3.047208309173584, 1.9401931762695312,
    2.563446283340454, 3.2642204761505127, 2.4570119380950928,
    1.8852818012237549, 1.5873723030090332, 2.3520288467407227,
    2.927480936050415, 2.1987102031707764, 3.639761209487915, 1.610893726348877,
    2.260833740234375, 3.598264694213867, 6.32700514793396, 2.6463780403137207,
    2.518125057220459, 2.6446692943573, 4.781238079071045, 2.849484443664551,
    4.942315101623535, 1.891448974609375, 1.8766276836395264,
    3.3092682361602783, 3.577261447906494, 2.205397367477417
  ],
  "start_time": [
    0.0668478012084961, 0.23329472541809082, 0.0657036304473877,
    0.06677818298339844,0.06678175926208496,0.06612563133239746,0.24684643745422363,0.06741476058959961,0.24741625785827637,0.06647729873657227,0.06752705574035645,0.22614192962646484,0.2517690658569336,0.06639933586120605,0.2292346954345703,1.6695051193237305,1.6023831367492676]
}
