{
  "exchange_data": [
    0.2004406452178955, 0.02871394157409668, 0.20036959648132324,
    0.02702617645263672, 0.026250839233398438, 0.19997382164001465,
    0.012331962585449219, 0.20019745826721191, 0.02720499038696289,
    0.09636092185974121, 0.2000586986541748, 0.021376848220825195,
    0.1551346778869629, 0.20038366317749023, 0.20005464553833008,
    0.012475013732910156, 0.011966943740844727, 0.19916057586669922,
    0.026419639587402344, 0.11226487159729004, 0.1986689567565918,
    0.022741079330444336, 0.2011277675628662, 0.029170751571655273,
    0.20023679733276367, 0.029265880584716797, 0.20051789283752441
  ],
  "start_time": [0.23329472541809082],
  "take_image": [
    3.2642204761505127, 2.4570119380950928, 1.8852818012237549,
    1.5873723030090332, 2.3520288467407227, 2.927480936050415,
    2.1987102031707764, 3.639761209487915, 1.610893726348877, 2.260833740234375,
    3.598264694213867, 6.32700514793396
  ],
  "process_image": [
    2.4670188426971436, 1.3073599338531494, 1.9432578086853027,
    1.7866430282592773, 0.7182576656341553, 0.5904228687286377,
    1.3968396186828613, 0.7060403823852539, 0.5105135440826416,
    0.47646617889404297, 0.4421980381011963
  ]
}
