{
  "exchange_data": [
    0.20046138763427734, 0.02079319953918457, 0.1990194320678711,
    0.023050308227539062, 0.20001935958862305, 0.20031332969665527,
    0.012497186660766602, 0.1992495059967041, 0.20036721229553223,
    0.02552008628845215, 0.2003622055053711, 0.020264387130737305,
    0.20027518272399902, 0.2006361484527588, 0.012326240539550781,
    0.20038294792175293, 0.028322219848632812, 0.20038890838623047,
    0.012398242950439453, 0.20177388191223145, 0.012455940246582031,
    0.19926166534423828, 0.012423038482666016, 0.1991589069366455,
    0.013819217681884766, 0.20012855529785156, 0.012891292572021484,
    0.2003767490386963, 0.012619256973266602
  ],
  "take_image": [
    2.183870315551758, 1.641226053237915, 1.6671960353851318,
    1.6656265258789062, 1.6580090522766113, 1.657766580581665,
    1.7179555892944336, 1.5938539505004883, 1.5880553722381592,
    1.6029143333435059, 1.5865726470947266, 1.6942741870880127,
    1.6264190673828125, 5.287798881530762, 1.5990784168243408,
    1.4383947849273682
  ],
  "process_image": [
    0.4104430675506592, 0.5551257133483887, 0.3353419303894043,
    0.36242008209228516, 0.3735041618347168, 0.9875438213348389,
    0.4046974182128906, 0.3300013542175293, 0.2763688564300537,
    0.44420552253723145, 0.33722639083862305, 0.48037052154541016,
    0.49368858337402344, 1.2892911434173584, 0.3671760559082031,
    0.19446945190429688
  ],
  "start_time": [0.06756997108459473]
}
