{
  "process_image": [
    1.0339272022247314, 3.6700663566589355, 4.914161205291748,
    0.8531334400177002, 3.210986614227295, 6.489558696746826,
    0.5908393859863281, 0.12741708755493164, 0.35376667976379395,
    1.0861670970916748, 1.5874378681182861
  ],
  "exchange_data": [
    0.20050263404846191, 0.15375781059265137, 0.021042823791503906,
    0.07227754592895508, 0.011725902557373047, 0.02178788185119629,
    0.036862850189208984, 0.015130996704101562, 0.012335062026977539,
    0.024062633514404297, 0.20003414154052734
  ],
  "take_image": [
    3.0328502655029297, 2.1554901599884033, 2.455219030380249,
    2.214653730392456, 3.1204421520233154, 2.3450050354003906,
    2.8708746433258057, 4.782294750213623, 2.999934196472168, 3.264738082885742,
    3.7486343383789062
  ],
  "start_time": [0.06694650650024414]
}
