{
  "start_time": [0.06792044639587402],
  "take_image": [
    3.6744067668914795, 4.044253587722778, 2.58205509185791, 5.060171842575073,
    3.144066095352173, 5.0566511154174805, 2.864853858947754, 2.281111478805542,
    2.5475809574127197, 3.32570481300354, 3.0003654956817627
  ],
  "exchange_data": [
    0.20048928260803223, 0.020925521850585938, 0.026181459426879883,
    0.19994711875915527, 0.012290716171264648, 0.2004091739654541,
    0.02196669578552246, 0.20037436485290527, 0.025539398193359375,
    0.015141725540161133, 0.20138335227966309, 0.02126455307006836,
    0.15120744705200195, 0.20046138763427734, 0.012278556823730469,
    0.2000732421875, 0.013031721115112305, 0.012015819549560547,
    0.1978445053100586, 0.022855520248413086, 0.1270749568939209,
    0.20038938522338867, 0.021987438201904297, 0.20052742958068848,
    0.012520790100097656, 0.12140130996704102, 0.19908857345581055
  ],
  "process_image": [
    1.331223726272583, 0.2645745277404785, 0.3762989044189453,
    1.6245975494384766, 1.0229949951171875, 0.3676135540008545,
    1.2599270343780518, 0.9820654392242432, 0.96221923828125,
    0.47690534591674805
  ]
}
