{
  "start_time": [0.06914091110229492],
  "process_image": [
    1.6708087921142578, 0.5044796466827393, 1.7070505619049072,
    0.404254674911499, 0.9215834140777588, 0.22305774688720703,
    0.21564507484436035, 1.8463718891143799, 1.0922634601593018,
    2.7395777702331543
  ],
  "take_image": [
    3.7057557106018066, 3.3213489055633545, 2.2907397747039795,
    4.257249116897583, 3.462895393371582, 3.4484314918518066, 2.510242223739624,
    2.4525911808013916, 1.9890861511230469, 2.3259053230285645,
    3.293795347213745
  ],
  "exchange_data": [
    0.2005171775817871, 0.012747764587402344, 0.20031523704528809,
    0.015018463134765625, 0.20039939880371094, 0.030586957931518555,
    0.20032835006713867, 0.20007634162902832, 0.01734137535095215,
    0.13339734077453613, 0.19999432563781738, 0.19997429847717285,
    0.012486696243286133, 0.20032858848571777, 0.03049325942993164,
    0.20037150382995605, 0.02117156982421875, 0.20031356811523438,
    0.019815444946289062, 0.012878656387329102, 0.2003796100616455
  ]
}
