{
  "process_image": [
    0.42113256454467773, 0.24727940559387207, 0.4371001720428467,
    0.40883660316467285, 0.29976987838745117, 0.43431806564331055,
    0.2593231201171875, 0.2916438579559326, 0.4448390007019043,
    0.1935718059539795, 0.34779882431030273, 0.19337773323059082,
    0.2003345489501953, 0.200852632522583, 0.23622798919677734,
    0.2015845775604248
  ],
  "exchange_data": [
    0.20042181015014648, 0.028921842575073242, 0.09724593162536621,
    0.20006394386291504, 0.012393712997436523, 0.2005159854888916,
    0.012255668640136719, 0.14175653457641602, 0.20029497146606445,
    0.012336015701293945, 0.1331954002380371, 0.19724106788635254,
    0.027676820755004883, 0.20003700256347656, 0.015976905822753906,
    0.1381683349609375, 0.2000417709350586, 0.012271881103515625,
    0.19908881187438965, 0.023738861083984375, 0.1990818977355957,
    0.012213945388793945, 0.13335561752319336, 0.1990816593170166,
    0.012923717498779297, 0.2013998031616211, 0.012297868728637695,
    0.1988236904144287, 0.017374753952026367, 0.20060467720031738,
    0.013577938079833984, 0.20002150535583496, 0.020604848861694336,
    0.1988356113433838, 0.01240682601928711, 0.20020055770874023,
    0.0186767578125, 0.19891953468322754
  ],
  "take_image": [
    2.1651618480682373, 4.871021032333374, 1.7760181427001953,
    1.7790789604187012, 1.7148654460906982, 1.7424869537353516,
    1.7864341735839844, 1.9727449417114258, 1.6264805793762207,
    1.8053853511810303, 1.6503849029541016, 1.6663246154785156,
    1.6406877040863037, 1.857163906097412, 1.7558388710021973,
    1.781076192855835, 2.093935251235962
  ],
  "start_time": [0.2231898307800293]
}
