{
  "exchange_data": [
    0.20053744316101074, 0.01229095458984375, 0.012358903884887695,
    0.15509366989135742, 0.026970863342285156, 0.012463092803955078,
    0.029923677444458008, 0.0274965763092041, 0.1052241325378418,
    0.20006442070007324, 0.015703916549682617,0.20050263404846191, 0.15375781059265137, 0.021042823791503906,
    0.07227754592895508, 0.011725902557373047, 0.02178788185119629,
    0.036862850189208984, 0.015130996704101562, 0.012335062026977539,
    0.024062633514404297, 0.20003414154052734,0.2005171775817871, 0.012747764587402344, 0.20031523704528809,
    0.015018463134765625, 0.20039939880371094, 0.030586957931518555,
    0.20032835006713867, 0.20007634162902832, 0.01734137535095215,
    0.13339734077453613, 0.19999432563781738, 0.19997429847717285,
    0.012486696243286133, 0.20032858848571777, 0.03049325942993164,
    0.20037150382995605, 0.02117156982421875, 0.20031356811523438,
    0.019815444946289062, 0.012878656387329102, 0.2003796100616455,0.20048928260803223, 0.020925521850585938, 0.026181459426879883,
    0.19994711875915527, 0.012290716171264648, 0.2004091739654541,
    0.02196669578552246, 0.20037436485290527, 0.025539398193359375,
    0.015141725540161133, 0.20138335227966309, 0.02126455307006836,
    0.15120744705200195, 0.20046138763427734, 0.012278556823730469,
    0.2000732421875, 0.013031721115112305, 0.012015819549560547,
    0.1978445053100586, 0.022855520248413086, 0.1270749568939209,
    0.20038938522338867, 0.021987438201904297, 0.20052742958068848,
    0.012520790100097656, 0.12140130996704102, 0.19908857345581055
  ],
  "start_time": [
    0.0668478012084961, 0.23329472541809082, 0.0657036304473877,
    0.06677818298339844,0.06678175926208496,0.06612563133239746,0.24684643745422363,0.06741476058959961,0.24741625785827637,0.06647729873657227,0.06752705574035645,0.22614192962646484,0.2517690658569336,0.06639933586120605,0.2292346954345703,1.6695051193237305,1.6023831367492676,0.06765937805175781,0.06694650650024414,0.06914091110229492,0.06792044639587402],
  "process_image": [
    6.248735189437866, 8.195558547973633, 0.49497199058532715,
    1.6031153202056885, 0.5344069004058838, 0.739037275314331,
    2.6926257610321045, 3.924084424972534, 0.6482281684875488,
    4.408304452896118, 6.118990898132324,1.0339272022247314, 3.6700663566589355, 4.914161205291748,
    0.8531334400177002, 3.210986614227295, 6.489558696746826,
    0.5908393859863281, 0.12741708755493164, 0.35376667976379395,
    1.0861670970916748, 1.5874378681182861,1.6708087921142578, 0.5044796466827393, 1.7070505619049072,
    0.404254674911499, 0.9215834140777588, 0.22305774688720703,
    0.21564507484436035, 1.8463718891143799, 1.0922634601593018,
    2.7395777702331543,1.331223726272583, 0.2645745277404785, 0.3762989044189453,
    1.6245975494384766, 1.0229949951171875, 0.3676135540008545,
    1.2599270343780518, 0.9820654392242432, 0.96221923828125,
    0.47690534591674805
  ],
  "take_image": [
    3.343165636062622, 2.9765799045562744, 3.1992604732513428,
    2.9564385414123535, 6.002878427505493, 3.0643863677978516,
    3.2289164066314697, 1.8096003532409668, 2.6304972171783447,
    3.0149617195129395, 3.4049079418182373, 3.0328502655029297, 2.1554901599884033, 2.455219030380249,
    2.214653730392456, 3.1204421520233154, 2.3450050354003906,
    2.8708746433258057, 4.782294750213623, 2.999934196472168, 3.264738082885742,
    3.7486343383789062,3.7057557106018066, 3.3213489055633545, 2.2907397747039795,
    4.257249116897583, 3.462895393371582, 3.4484314918518066, 2.510242223739624,
    2.4525911808013916, 1.9890861511230469, 2.3259053230285645,
    3.293795347213745,3.6744067668914795, 4.044253587722778, 2.58205509185791, 5.060171842575073,
    3.144066095352173, 5.0566511154174805, 2.864853858947754, 2.281111478805542,
    2.5475809574127197, 3.32570481300354, 3.0003654956817627
  ]
}
