{
  "exchange_data": [
    2.8226687908172607, 0.0770578384399414, 0.12029457092285156,
    0.07499170303344727, 2.0841915607452393, 1.3331270217895508,
    0.0580136775970459, 0.05281400680541992, 0.08730077743530273,
    1.147217035293579, 0.40868353843688965, 0.4031996726989746,
    0.08159375190734863, 0.0767369270324707, 0.8550021648406982,
    1.3344838619232178, 0.3220503330230713, 0.08553051948547363,
    1.138047218322754
  ],
  "start_time": [0.225006103515625, 0.22502827644348145],
  "take_image": [
    1.2616512775421143, 0.6791644096374512, 0.7341773509979248,
    0.739579439163208, 0.7000722885131836, 0.7503232955932617,
    0.7268311977386475, 0.7436223030090332, 0.691138505935669,
    1.052377700805664, 0.6762347221374512, 0.6891984939575195,
    0.7047221660614014, 0.7003843784332275, 0.6849486827850342,
    0.6766407489776611, 0.7156240940093994, 0.6734118461608887,
    0.6909077167510986
  ],
  "process_image": [
    1.2197256088256836, 0.05395698547363281, 0.027412891387939453,
    0.14239263534545898, 0.3043248653411865, 0.05276679992675781,
    0.029857873916625977, 0.02805304527282715, 2.4141530990600586,
    1.2399797439575195, 0.032448530197143555, 0.07434272766113281,
    0.47498083114624023, 1.6437110900878906, 0.054833173751831055,
    0.048009395599365234, 0.05614519119262695, 0.054880380630493164,
    0.05007529258728027
  ]
}
