{
  "start_time": [0.06741476058959961],
  "take_image": [
    1.494368553161621, 0.9267468452453613, 1.7607924938201904,
    0.8455588817596436, 1.0401320457458496, 0.7531893253326416,
    1.015531301498413, 2.3663992881774902, 0.8577053546905518,
    1.2816181182861328, 1.6705331802368164, 4.736056566238403,
    1.6717281341552734, 1.632047176361084, 1.4064693450927734,
    1.7063941955566406, 0.9209308624267578
  ],
  "process_image": [
    1.8810656070709229, 0.7662599086761475, 0.5717377662658691,
    0.8925142288208008, 1.0044469833374023, 0.40366458892822266,
    1.5073440074920654, 0.43047308921813965, 1.9731838703155518,
    1.2335169315338135, 0.5934245586395264, 1.302257776260376,
    1.0885632038116455, 0.2694559097290039, 0.4883134365081787,
    1.1592259407043457
  ],
  "exchange_data": [
    0.20049524307250977, 0.011998176574707031, 0.20003700256347656,
    0.19884300231933594, 0.20036911964416504, 0.1996781826019287,
    0.1990213394165039, 0.1990201473236084, 0.20003318786621094,
    0.20004606246948242, 0.20006322860717773, 0.2000582218170166,
    0.20107722282409668, 0.19933199882507324, 0.1986682415008545,
    0.20023417472839355, 0.19901227951049805
  ]
}
