{
  "start_time": [0.17214298248291016,0.6457629203796387,0.1141049861907959,0.13485097885131836, 0.08023190498352051, 0.17214298248291016,
    0.1141049861907959, 0.2431638240814209, 0.0668478012084961,
    0.23329472541809082, 0.0657036304473877, 0.06677818298339844,
    0.06678175926208496, 0.06612563133239746, 0.24684643745422363,
    0.06741476058959961, 0.24741625785827637, 0.06647729873657227,
    0.06752705574035645, 0.22614192962646484, 0.2517690658569336,
    0.06639933586120605, 0.2292346954345703, 1.6695051193237305,
    1.6023831367492676, 0.06765937805175781, 0.06694650650024414,
    0.06914091110229492, 0.06792044639587402
  ],
  "take_image": [
    1.5174095630645752, 1.6568052768707275, 0.9684553146362305,
    2.860583782196045, 1.3948094844818115, 1.0211236476898193,
    1.0685138702392578, 0.6334664821624756, 2.74211049079895,
    1.4977169036865234, 0.8567721843719482, 1.3153572082519531,
    1.1638374328613281, 0.8274974822998047, 0.8651745319366455,1.494368553161621, 0.9267468452453613, 1.7607924938201904,
    0.8455588817596436, 1.0401320457458496, 0.7531893253326416,
    1.015531301498413, 2.3663992881774902, 0.8577053546905518,
    1.2816181182861328, 1.6705331802368164, 4.736056566238403,
    1.6717281341552734, 1.632047176361084, 1.4064693450927734,
    1.7063941955566406, 0.9209308624267578
  ],
  "process_image": [
    5.495216608047485, 0.6272964477539062, 1.2348222732543945,
    2.740147590637207, 2.0206058025360107, 0.22638797760009766,
    1.757859706878662, 1.06144380569458, 0.15822792053222656, 4.017091512680054,
    1.7311179637908936, 0.2604358196258545, 0.7077383995056152,
    2.0392448902130127,1.8810656070709229, 0.7662599086761475, 0.5717377662658691,
    0.8925142288208008, 1.0044469833374023, 0.40366458892822266,
    1.5073440074920654, 0.43047308921813965, 1.9731838703155518,
    1.2335169315338135, 0.5934245586395264, 1.302257776260376,
    1.0885632038116455, 0.2694559097290039, 0.4883134365081787,
    1.1592259407043457
  ],
  "exchange_data": [
    0.20045828819274902, 0.019655466079711914, 0.2000141143798828,
    0.20054841041564941, 0.20006012916564941, 0.19908404350280762,
    0.19983720779418945, 0.19916439056396484, 0.20004034042358398,
    0.20099639892578125, 0.19866704940795898, 0.20032238960266113,
    0.20042943954467773, 0.2001039981842041, 0.19933509826660156,0.20049524307250977, 0.011998176574707031, 0.20003700256347656,
    0.19884300231933594, 0.20036911964416504, 0.1996781826019287,
    0.1990213394165039, 0.1990201473236084, 0.20003318786621094,
    0.20004606246948242, 0.20006322860717773, 0.2000582218170166,
    0.20107722282409668, 0.19933199882507324, 0.1986682415008545,
    0.20023417472839355, 0.19901227951049805
  ]
}
