{
  "start_time": [2.2678439617156982],
  "take_image": [
    1.0505180358886719, 0.4686284065246582, 0.6263110637664795,
    1.791837453842163, 0.5383124351501465, 0.5315535068511963,
    1.1257987022399902, 0.5327205657958984, 0.5305309295654297,
    0.5041565895080566, 0.6675667762756348, 0.5362277030944824,
    0.5260968208312988, 0.3758382797241211, 0.6037437915802002,
    0.6623499393463135, 0.45615196228027344, 0.45081496238708496,
    0.616234302520752, 0.6162192821502686, 0.5937209129333496,
    0.4619739055633545, 0.9929454326629639, 0.4491391181945801,
    0.5320308208465576, 0.5299539566040039, 0.41623711585998535,
    0.9059219360351562, 0.6719686985015869
  ],
  "process_image": [
    1.0250835418701172, 0.48781704902648926, 0.955756425857544,
    0.41594505310058594, 0.15675044059753418, 0.2789421081542969,
    0.8607532978057861, 0.43615055084228516, 0.17914986610412598,
    0.23598909378051758, 0.4305107593536377, 0.43602967262268066,
    0.2513277530670166, 0.28200602531433105, 0.6457462310791016,
    0.4088132381439209, 0.16326546669006348, 0.27185916900634766,
    0.34459519386291504, 0.41828012466430664, 0.25760865211486816,
    0.29686737060546875, 0.3437032699584961, 0.1952683925628662,
    0.20341229438781738, 0.2770218849182129, 0.25978755950927734,
    0.2292792797088623
  ],
  "exchange_data": [
    0.05025959014892578, 0.033530235290527344, 0.05010557174682617,
    0.050154685974121094, 0.04916644096374512, 0.050017356872558594,
    0.05125761032104492, 0.05008339881896973, 0.05018258094787598,
    0.05245828628540039, 0.04900670051574707, 0.04915952682495117,
    0.05016040802001953, 0.05131268501281738, 0.05118155479431152,
    0.048041582107543945, 0.05041170120239258, 0.047884464263916016,
    0.05177664756774902, 0.04621767997741699, 0.05008959770202637,
    0.048676490783691406, 0.049097537994384766, 0.050165653228759766,
    0.04726767539978027, 0.048157691955566406, 0.049251556396484375,
    0.04932761192321777, 0.05019068717956543
  ]
}
