{
  "exchange_data": [
    0.0502314567565918, 0.015166521072387695, 0.048097848892211914,
    0.05033373832702637, 0.050116539001464844, 0.047502756118774414,
    0.04840254783630371, 0.05143451690673828, 0.05245041847229004,
    0.04918169975280762, 0.05012369155883789, 0.047928571701049805,
    0.050057411193847656, 0.049164772033691406, 0.050165414810180664,
    0.05012965202331543, 0.04535055160522461, 0.05044841766357422,
    0.04932260513305664
  ],
  "process_image": [
    1.6548213958740234, 0.2909574508666992, 1.772573709487915,
    0.19299745559692383, 0.35443782806396484, 3.060593366622925,
    0.3033101558685303, 0.20789289474487305, 0.33366823196411133,
    2.6575682163238525, 0.28643369674682617, 0.1971733570098877,
    2.728753089904785, 0.3421761989593506, 0.33110952377319336,
    2.84316086769104, 0.14142179489135742, 7.064681768417358
  ],
  "start_time": [2.2820322513580322],
  "take_image": [
    2.372941493988037, 1.199324369430542, 1.1771459579467773,
    1.2569396495819092, 0.8737006187438965, 1.1020920276641846,
    2.894721269607544, 1.4758884906768799, 1.27695894241333, 1.0343272686004639,
    1.2719943523406982, 1.1544885635375977, 0.9498703479766846,
    1.0364608764648438, 1.021423578262329, 2.2764780521392822,
    1.1378672122955322, 0.8681399822235107, 1.1696622371673584
  ]
}
