{
  "exchange_data": [
    0.2003920078277588, 0.011930704116821289, 0.20039033889770508,
    0.20007109642028809, 0.20040464401245117, 0.20036768913269043
  ],
  "process_image": [
    6.924850940704346, 17.912325620651245, 10.057475328445435,
    1.5669255256652832, 1.2379374504089355
  ],
  "start_time": [0.06612563133239746],
  "take_image": [
    7.707777738571167, 3.349465847015381, 2.4161784648895264, 3.98356556892395,
    3.3531181812286377, 6.948344469070435
  ]
}
