{
"start_time": [0.17214298248291016,0.6457629203796387,0.1141049861907959,0.13485097885131836, 0.08023190498352051, 0.17214298248291016,
    0.1141049861907959, 0.2431638240814209, 0.0668478012084961,
    0.23329472541809082, 0.0657036304473877, 0.06677818298339844,
    0.06678175926208496, 0.06612563133239746, 0.24684643745422363,
    0.06741476058959961, 0.24741625785827637, 0.06647729873657227,
    0.06752705574035645, 0.22614192962646484, 0.2517690658569336,
    0.06639933586120605, 0.2292346954345703, 1.6695051193237305,
    1.6023831367492676, 0.06765937805175781, 0.06694650650024414,
    0.06914091110229492, 0.06792044639587402
  ],  "process_image": [
    5.65216326713562, 6.274871349334717, 2.225903272628784, 0.6786649227142334,
    5.777275562286377, 1.463749885559082,6.924850940704346, 7.912325620651245, 10.057475328445435,
    1.5669255256652832, 1.2379374504089355
  ],
  "take_image": [
    8.825440883636475, 3.5517094135284424, 2.7324349880218506,
    4.054296970367432, 3.2380051612854004, 3.0499982833862305,
    4.579401731491089, 7.707777738571167, 3.349465847015381, 2.4161784648895264,
    3.98356556892395, 3.3531181812286377, 6.948344469070435
  ],
  "exchange_data": [
    0.20049118995666504, 0.012526273727416992, 0.19992828369140625,
    0.19957780838012695, 0.20023608207702637, 0.1997525691986084,
    0.20038938522338867, 0.2003920078277588, 0.011930704116821289, 0.20039033889770508,
    0.20007109642028809, 0.20040464401245117, 0.20036768913269043
 
  ]
}
