{

  "start_time": [0.06752705574035645],

  "take_image": [
    1.8556396961212158, 0.8285543918609619, 0.9306035041809082,
    0.7766330242156982, 1.0069079399108887, 0.8510105609893799,
    0.8719720840454102, 1.0419809818267822, 0.8008999824523926,
    1.1188063621520996, 0.8927240371704102, 1.2781710624694824,
    1.1047859191894531, 0.7411444187164307, 0.881289005279541,
    0.8135859966278076, 0.9160451889038086, 0.6531069278717041,
    0.6500439643859863, 1.9425714015960693, 0.9330472946166992
  ],
  "exchange_data": [
    0.20046663284301758, 0.01949167251586914, 0.19997358322143555,
    0.19974255561828613, 0.19873261451721191, 0.19908666610717773,
    0.20003151893615723, 0.2000443935394287, 0.1991724967956543,
    0.2003495693206787, 0.20035839080810547, 0.20134449005126953,
    0.200059175491333, 0.2003765106201172, 0.2000565528869629,
    0.20090436935424805, 0.20003032684326172, 0.20166730880737305,
    0.20043611526489258, 0.19873523712158203, 0.20036029815673828
  ]
}
