

{
  "exchange_data": [
    0.20045042037963867, 0.02254033088684082, 0.20026922225952148,
    0.20006442070007324, 0.20005035400390625, 0.20153141021728516,
    0.2003772258758545, 0.19801115989685059, 0.19917845726013184,
    0.1989293098449707, 0.20036721229553223, 0.19716715812683105,
    0.2000582218170166, 0.2001793384552002, 0.2000572681427002,
    0.20003437995910645, 0.1995081901550293, 0.19902443885803223,
    0.2000563144683838, 0.20036530494689941, 0.20005130767822266,
    0.19919824600219727,0.20054340362548828, 0.20004034042358398, 0.025133609771728516,
    0.19885635375976562, 0.20006847381591797, 0.19908642768859863,
    0.20044851303100586, 0.20007658004760742, 0.20006942749023438,
    0.19776129722595215, 0.19807720184326172, 0.2000422477722168,
    0.20035934448242188, 0.20031118392944336, 0.20034527778625488,
    0.19989943504333496, 0.20043349266052246, 0.19919848442077637,
    0.200408935546875, 0.20046663284301758, 0.01949167251586914, 0.19997358322143555,
    0.19974255561828613, 0.19873261451721191, 0.19908666610717773,
    0.20003151893615723, 0.2000443935394287, 0.1991724967956543,
    0.2003495693206787, 0.20035839080810547, 0.20134449005126953,
    0.200059175491333, 0.2003765106201172, 0.2000565528869629,
    0.20090436935424805, 0.20003032684326172, 0.20166730880737305,
    0.20043611526489258, 0.19873523712158203, 0.20036029815673828
 
  ],
  "take_image": [
    1.6815848350524902, 1.1156680583953857, 0.7874195575714111,
    0.7915937900543213, 0.8698177337646484, 1.3649852275848389,
    0.8784735202789307, 0.8067479133605957, 1.0609936714172363,
    0.8006415367126465, 1.0665490627288818, 0.5769627094268799,
    0.794842004776001, 0.8742129802703857, 0.797978401184082,
    0.8082399368286133, 1.0238113403320312, 0.7785251140594482,
    0.7261760234832764, 0.7449359893798828, 1.0644159317016602,
    0.8811266422271729,1.9392411708831787, 0.732013463973999, 0.8101582527160645,
    1.3333234786987305, 2.4764833450317383, 1.3582541942596436,
    2.7754580974578857, 1.2364087104797363, 1.3484644889831543,
    0.6410257816314697, 1.5616686344146729, 0.9206812381744385,
    0.8796508312225342, 0.7659003734588623, 0.7069849967956543,
    0.6637511253356934, 0.8637332916259766, 0.7353091239929199,
    1.6425354480743408,  1.8556396961212158, 0.8285543918609619, 0.9306035041809082,
    0.7766330242156982, 1.0069079399108887, 0.8510105609893799,
    0.8719720840454102, 1.0419809818267822, 0.8008999824523926,
    1.1188063621520996, 0.8927240371704102, 1.2781710624694824,
    1.1047859191894531, 0.7411444187164307, 0.881289005279541,
    0.8135859966278076, 0.9160451889038086, 0.6531069278717041,
    0.6500439643859863, 1.9425714015960693, 0.9330472946166992
 
  ],
"start_time": [0.17214298248291016,0.6457629203796387,0.1141049861907959,0.13485097885131836, 0.08023190498352051, 0.17214298248291016,
    0.1141049861907959, 0.2431638240814209, 0.0668478012084961,
    0.23329472541809082, 0.0657036304473877, 0.06677818298339844,
    0.06678175926208496, 0.06612563133239746, 0.24684643745422363,
    0.06741476058959961, 0.24741625785827637, 0.06647729873657227,
    0.06752705574035645, 0.22614192962646484, 0.2517690658569336,
    0.06639933586120605, 0.2292346954345703, 1.6695051193237305,
    1.6023831367492676, 0.06765937805175781, 0.06694650650024414,
    0.06914091110229492, 0.06792044639587402
  ]
}
