{
  
  "exchange_data": [
    0.20054340362548828, 0.20004034042358398, 0.025133609771728516,
    0.19885635375976562, 0.20006847381591797, 0.19908642768859863,
    0.20044851303100586, 0.20007658004760742, 0.20006942749023438,
    0.19776129722595215, 0.19807720184326172, 0.2000422477722168,
    0.20035934448242188, 0.20031118392944336, 0.20034527778625488,
    0.19989943504333496, 0.20043349266052246, 0.19919848442077637,
    0.200408935546875, 0.20046663284301758, 0.01949167251586914, 0.19997358322143555,
    0.19974255561828613, 0.19873261451721191, 0.19908666610717773,
    0.20003151893615723, 0.2000443935394287, 0.1991724967956543,
    0.2003495693206787, 0.20035839080810547, 0.20134449005126953,
    0.200059175491333, 0.2003765106201172, 0.2000565528869629,
    0.20090436935424805, 0.20003032684326172, 0.20166730880737305,
    0.20043611526489258, 0.19873523712158203, 0.20036029815673828
 
  ],
  "start_time": [0.06647729873657227],
  "take_image": [
    1.9392411708831787, 0.732013463973999, 0.8101582527160645,
    1.3333234786987305, 2.4764833450317383, 1.3582541942596436,
    2.7754580974578857, 1.2364087104797363, 1.3484644889831543,
    0.6410257816314697, 1.5616686344146729, 0.9206812381744385,
    0.8796508312225342, 0.7659003734588623, 0.7069849967956543,
    0.6637511253356934, 0.8637332916259766, 0.7353091239929199,
    1.6425354480743408
  ]
}
