{
  
  "start_time": [0.2292346954345703],
  "take_image": [
    3.6406354904174805, 1.4282329082489014, 1.052191972732544,
    1.409085750579834, 1.8631033897399902, 1.035019874572754,
    2.0551722049713135, 1.309241533279419, 1.7761194705963135,
    1.3842825889587402, 1.175422191619873, 1.1594223976135254
  ],
  
  "exchange_data": [
    0.20047807693481445, 0.028935909271240234, 0.2002558708190918,
    0.20098161697387695, 0.20022869110107422, 0.20003342628479004,
    0.20028376579284668, 0.20259952545166016, 0.20033550262451172,
    0.20006442070007324, 0.20032835006713867, 0.20041537284851074
  ]
}
