{
  
 
  "start_time": [0.06639933586120605],
  "take_image": [
    2.1701853275299072, 0.8627116680145264, 1.529038906097412,
    1.0852303504943848, 1.6572370529174805, 0.9992129802703857,
    0.9239866733551025, 1.4929132461547852, 1.2444543838500977,
    0.8737187385559082, 3.808624744415283, 1.0616207122802734
  ],
  "exchange_data": [
    0.2006223201751709, 0.030063629150390625, 0.2002713680267334,
    0.20026826858520508, 0.19791913032531738, 0.20042920112609863,
    0.1989293098449707, 0.20000815391540527, 0.012342691421508789,
    0.20015311241149902, 0.2000436782836914, 0.2000107765197754
  ]
}
