{
 
  "take_image": [
    3.726090908050537, 2.5348970890045166, 1.591308355331421, 2.821319818496704,
    2.6569087505340576,2.4862234592437744, 1.1711976528167725, 1.7870044708251953,
    2.136286497116089, 1.1204586029052734, 1.287820816040039,
    1.1146798133850098, 1.117704153060913, 5.809866428375244, 1.972402572631836,
    1.2558493614196777, 1.3692915439605713,2.1701853275299072, 0.8627116680145264, 1.529038906097412,
    1.0852303504943848, 1.6572370529174805, 0.9992129802703857,
    0.9239866733551025, 1.4929132461547852, 1.2444543838500977,
    0.8737187385559082, 3.808624744415283, 1.0616207122802734,3.6406354904174805, 1.4282329082489014, 1.052191972732544,
    1.409085750579834, 1.8631033897399902, 1.035019874572754,
    2.0551722049713135, 1.309241533279419, 1.7761194705963135,
    1.3842825889587402, 1.175422191619873, 1.1594223976135254
  ],
  "exchange_data": [
    0.20034575462341309, 0.19887518882751465, 0.2000291347503662,
    0.20014405250549316, 0.19923186302185059,0.20021581649780273, 0.027083873748779297, 0.20000362396240234,
    0.20002436637878418, 0.2000596523284912, 0.20003747940063477,
    0.20005035400390625, 0.20206308364868164, 0.2004396915435791,
    0.19931507110595703, 0.20004844665527344, 0.19756031036376953,0.2006223201751709, 0.030063629150390625, 0.2002713680267334,
    0.20026826858520508, 0.19791913032531738, 0.20042920112609863,
    0.1989293098449707, 0.20000815391540527, 0.012342691421508789,
    0.20015311241149902, 0.2000436782836914, 0.2000107765197754,0.20047807693481445, 0.028935909271240234, 0.2002558708190918,
    0.20098161697387695, 0.20022869110107422, 0.20003342628479004,
    0.20028376579284668, 0.20259952545166016, 0.20033550262451172,
    0.20006442070007324, 0.20032835006713867, 0.20041537284851074
  
  ],
"start_time": [0.17214298248291016,0.6457629203796387,0.1141049861907959,0.13485097885131836, 0.08023190498352051, 0.17214298248291016,
    0.1141049861907959, 0.2431638240814209, 0.0668478012084961,
    0.23329472541809082, 0.0657036304473877, 0.06677818298339844,
    0.06678175926208496, 0.06612563133239746, 0.24684643745422363,
    0.06741476058959961, 0.24741625785827637, 0.06647729873657227,
    0.06752705574035645, 0.22614192962646484, 0.2517690658569336,
    0.06639933586120605, 0.2292346954345703, 1.6695051193237305,
    1.6023831367492676, 0.06765937805175781, 0.06694650650024414,
    0.06914091110229492, 0.06792044639587402
  ]  
}
