{
  "exchange_data": [
    0.20021581649780273, 0.027083873748779297, 0.20000362396240234,
    0.20002436637878418, 0.2000596523284912, 0.20003747940063477,
    0.20005035400390625, 0.20206308364868164, 0.2004396915435791,
    0.19931507110595703, 0.20004844665527344, 0.19756031036376953
  ],
  
  "start_time": [0.2517690658569336],
  "take_image": [
    2.4862234592437744, 1.1711976528167725, 1.7870044708251953,
    2.136286497116089, 1.1204586029052734, 1.287820816040039,
    1.1146798133850098, 1.117704153060913, 5.809866428375244, 1.972402572631836,
    1.2558493614196777, 1.3692915439605713
  ]
}
