{"time_to_write_image":[0],
  "loop_img_time": [
    0.6160130500793457, 0.11234235763549805, 0.1430213451385498,
    0.14566850662231445, 0.14221954345703125, 0.13670039176940918,
    0.13631749153137207, 0.13192152976989746, 0.13640356063842773,
    0.13514328002929688, 0.13615942001342773, 0.1356494426727295,
    0.13458633422851562, 0.13496136665344238, 0.13478446006774902,
    0.13467144966125488, 0.13290739059448242, 0.13530921936035156,
    0.13475751876831055, 0.13519835472106934, 0.13565921783447266,
    0.13664841651916504, 0.15213537216186523, 0.21536660194396973,
    0.25148582458496094, 0.2647666931152344, 0.2666487693786621,
    0.2663106918334961, 0.26970458030700684, 0.2384014129638672,
    0.22172260284423828, 0.13714027404785156, 0.12722110748291016,
    0.12760210037231445, 0.1109781265258789, 0.12166428565979004,
    0.12843036651611328, 0.12032938003540039, 0.12543129920959473,
    0.11494207382202148, 0.1225743293762207, 0.12465620040893555,
    0.12532520294189453, 0.12590932846069336, 0.10936713218688965,
    0.11711812019348145, 0.115936279296875, 0.11423921585083008,
    0.11518430709838867, 0.0975041389465332, 0.11139130592346191,
    0.11493325233459473, 0.11205220222473145, 0.11416816711425781,
    0.10969829559326172, 0.11456727981567383, 0.1136472225189209,
    0.11364603042602539, 0.11355328559875488, 0.10257935523986816,
    0.11347603797912598, 0.11277914047241211, 0.11154603958129883,
    0.11248612403869629, 0.1125950813293457, 0.11266016960144043,
    0.11374735832214355, 0.11186718940734863, 0.11307621002197266,
    0.11273908615112305, 0.11210417747497559, 0.11132597923278809,
    0.1154940128326416, 0.11281299591064453, 0.09762215614318848,
    0.11179304122924805, 0.11120009422302246, 0.11173415184020996,
    0.11136507987976074, 0.09719109535217285, 0.11065316200256348,
    0.1100931167602539, 0.11033391952514648, 0.11032795906066895,
    0.10841798782348633, 0.11057209968566895, 0.10984587669372559,
    0.11056399345397949, 0.11010599136352539, 0.08904004096984863,
    0.1095430850982666, 0.10741209983825684, 0.10251998901367188,
    0.10282111167907715, 0.10627317428588867, 0.08898305892944336,
    0.10283899307250977, 0.10184717178344727, 0.10257697105407715,
    0.10394597053527832, 0.10239505767822266, 0.10127997398376465,
    0.10316205024719238, 0.10144782066345215, 0.07526707649230957,
    0.09808802604675293, 0.09753108024597168, 0.09644508361816406,
    0.09400606155395508, 0.09739089012145996, 0.09534287452697754,
    0.09630703926086426, 0.0924980640411377, 0.09342098236083984,
    0.0931398868560791, 0.0916128158569336, 0.09144401550292969,
    0.09258294105529785, 0.09080100059509277, 0.07459497451782227,
    0.0900120735168457, 0.09062886238098145, 0.08924508094787598,
    0.08913993835449219, 0.08873891830444336, 0.08873605728149414,
    0.08896708488464355, 0.08867502212524414, 0.08873510360717773,
    0.07846784591674805, 0.08504605293273926, 0.08647584915161133,
    0.07861208915710449, 0.08506393432617188, 0.07356405258178711,
    0.08447980880737305, 0.08164191246032715, 0.08289003372192383,
    0.08127284049987793, 0.08236289024353027, 0.08169794082641602,
    0.08137679100036621, 0.07950687408447266, 0.08107590675354004,
    0.07980585098266602, 0.08137083053588867, 0.08057379722595215,
    0.07968282699584961, 0.0794990062713623, 0.07280898094177246,
    0.07845711708068848, 0.07952690124511719, 0.07806777954101562,
    0.07883501052856445, 0.07341599464416504, 0.07729077339172363,
    0.07802891731262207, 0.07665491104125977, 0.07687497138977051,
    0.07707571983337402, 0.07630276679992676, 0.07637381553649902,
    0.0760488510131836, 0.07607388496398926, 0.07124590873718262,
    0.07570290565490723, 0.07489585876464844, 0.0747828483581543,
    0.07579398155212402, 0.07477402687072754, 0.07526302337646484,
    0.07495784759521484, 0.07340192794799805, 0.07440185546875,
    0.07444477081298828, 0.07411885261535645, 0.0731668472290039,
    0.07490372657775879, 0.07416677474975586, 0.06788802146911621,
    0.07330679893493652, 0.0732109546661377, 0.07317280769348145,
    0.0726919174194336, 0.0724637508392334, 0.07206869125366211,
    0.0726938247680664, 0.0715329647064209, 0.07256484031677246,
    0.07240486145019531, 0.07213568687438965, 0.07201600074768066,
    0.0712578296661377, 0.0720529556274414, 0.0709388256072998,
    0.07130980491638184, 0.07150602340698242, 0.07134485244750977,
    0.0726778507232666, 0.06504702568054199, 0.06975769996643066,
    0.07020974159240723, 0.07103991508483887, 0.06989264488220215,
    0.06386399269104004, 0.06878185272216797, 0.06927895545959473,
    0.06924080848693848, 0.06833267211914062, 0.06607675552368164,
    0.06878781318664551, 0.06827163696289062, 0.06824374198913574,
    0.06650376319885254, 0.06702089309692383, 0.06638884544372559,
    0.06639385223388672, 0.06453585624694824, 0.06650590896606445,
    0.06508779525756836, 0.0646369457244873, 0.06528782844543457,
    0.06452584266662598, 0.06393599510192871, 0.11676287651062012,
    0.06401586532592773, 0.06407475471496582, 0.06339788436889648,
    0.06330084800720215, 0.11902761459350586, 0.063720703125,
    0.12796258926391602, 0.12978363037109375, 0.1229557991027832,
    0.12289762496948242, 0.12127971649169922, 0.1232614517211914,
    0.11500668525695801, 0.12088370323181152, 0.12072253227233887,
    0.12070059776306152, 0.12067461013793945, 0.12062454223632812,
    0.12079668045043945, 0.1201925277709961, 0.12045955657958984,
    0.11950159072875977, 0.12046957015991211, 0.11975836753845215,
    0.1203305721282959, 0.10676765441894531, 0.12020158767700195,
    0.12036442756652832, 0.11911964416503906, 0.11571645736694336,
    0.11861872673034668, 0.11935567855834961, 0.11809945106506348,
    0.11830449104309082, 0.11909842491149902, 0.11859273910522461,
    0.11855363845825195, 0.11862969398498535, 0.11604142189025879,
    0.11699056625366211, 0.11647772789001465, 0.1168525218963623,
    0.11659431457519531, 0.11552762985229492, 0.11557245254516602,
    0.11577153205871582, 0.11541342735290527, 0.11304068565368652,
    0.11008954048156738, 0.11373567581176758, 0.09931254386901855,
    0.1108095645904541, 0.11092066764831543, 0.11079740524291992,
    0.09992671012878418, 0.11010265350341797, 0.1104733943939209,
    0.10991144180297852, 0.10970854759216309, 0.11010360717773438,
    0.10857462882995605, 0.11030054092407227, 0.1083073616027832,
    0.08961653709411621, 0.10615253448486328, 0.10748457908630371,
    0.10809969902038574, 0.10774350166320801, 0.10499954223632812,
    0.10579252243041992, 0.10733556747436523, 0.10525250434875488,
    0.10518050193786621, 0.09836459159851074, 0.10608243942260742
  ],
  "resize_img_time": [
    0, 0, 0, 0, 0, 0, 0, 0, 0, 0, 0, 0, 0, 0, 0, 0, 0, 0, 0, 0, 0, 0, 0, 0, 0,
    0, 0, 0, 0, 0, 0, 0, 0, 0, 0, 0, 0, 0, 0, 0, 0, 0, 0, 0, 0, 0, 0, 0, 0, 0,
    0, 0, 0, 0, 0, 0, 0, 0, 0, 0, 0, 0, 0, 0, 0, 0, 0, 0, 0, 0, 0, 0, 0, 0, 0,
    0, 0, 0, 0, 0, 0, 0, 0, 0, 0, 0, 0, 0, 0, 0, 0, 0, 0, 0, 0, 0, 0, 0, 0, 0,
    0, 0, 0, 0, 0, 0, 0, 0, 0, 0, 0, 0, 0, 0, 0, 0, 0, 0, 0, 0, 0, 0, 0, 0, 0,
    0, 0, 0, 0, 0, 0, 0, 0, 0, 0, 0, 0, 0, 0, 0, 0, 0, 0, 0, 0, 0, 0, 0, 0, 0,
    0, 0, 0, 0, 0, 0, 0, 0, 0, 0, 0, 0, 0, 0, 0, 0, 0, 0, 0, 0, 0, 0, 0, 0, 0,
    0, 0, 0, 0, 0, 0, 0, 0, 0, 0, 0, 0, 0, 0, 0, 0, 0, 0, 0, 0, 0, 0, 0, 0, 0,
    0, 0, 0, 0, 0, 0, 0, 0, 0, 0, 0, 0, 0, 0, 0, 0, 0, 0, 0, 0, 0, 0, 0, 0, 0,
    0, 0, 0, 0, 0, 0, 0, 0, 0, 0, 0, 0, 0, 0, 0, 0, 0, 0, 0, 0, 0, 0, 0, 0, 0,
    0, 0, 0, 0, 0, 0, 0, 0, 0, 0, 0, 0, 0, 0, 0, 0, 0, 0, 0, 0, 0, 0, 0, 0, 0,
    0, 0, 0, 0, 0, 0, 0, 0, 0, 0, 0, 0, 0, 0, 0, 0, 0, 0, 0, 0, 0, 0, 0, 0, 0
  ]
}
