{
  "resize_img_time": [
    0, 0, 0, 0, 0, 0, 0, 0, 0, 0, 0, 0, 0, 0, 0, 0, 0, 0, 0, 0, 0, 0, 0, 0, 0,
    0, 0, 0, 0, 0, 0, 0, 0, 0, 0, 0, 0, 0, 0, 0, 0, 0, 0, 0, 0, 0, 0, 0, 0, 0,
    0, 0, 0, 0, 0, 0, 0, 0, 0, 0, 0, 0, 0, 0, 0, 0, 0, 0, 0, 0, 0, 0, 0, 0, 0,
    0, 0, 0, 0, 0, 0, 0, 0, 0, 0, 0, 0, 0, 0, 0, 0, 0, 0, 0, 0, 0, 0, 0, 0, 0,
    0, 0, 0, 0, 0, 0, 0, 0, 0, 0, 0, 0, 0, 0, 0, 0, 0, 0, 0, 0, 0, 0, 0, 0, 0,
    0, 0, 0, 0, 0, 0, 0, 0, 0, 0, 0, 0, 0, 0, 0, 0, 0, 0, 0, 0, 0, 0, 0, 0, 0,
    0, 0, 0, 0, 0, 0, 0, 0, 0, 0, 0, 0, 0, 0, 0, 0, 0, 0, 0, 0, 0, 0, 0, 0, 0,
    0, 0, 0, 0, 0, 0, 0, 0, 0, 0, 0, 0, 0, 0, 0, 0, 0, 0, 0, 0, 0, 0, 0, 0, 0,
    0, 0, 0, 0, 0, 0, 0, 0, 0, 0, 0, 0, 0, 0, 0, 0, 0, 0, 0, 0, 0, 0, 0, 0, 0,
    0, 0, 0, 0, 0, 0, 0, 0, 0, 0, 0, 0, 0, 0, 0, 0, 0, 0, 0, 0, 0, 0, 0, 0, 0,
    0, 0, 0, 0, 0, 0, 0, 0, 0, 0, 0, 0, 0, 0, 0, 0, 0, 0, 0, 0, 0, 0, 0, 0, 0,
    0, 0, 0, 0, 0, 0, 0, 0, 0, 0, 0, 0, 0, 0, 0, 0, 0, 0, 0, 0, 0, 0, 0, 0, 0
  ],
  "loop_img_time": [
    0.5576586723327637, 0.07473182678222656, 0.13111114501953125,
    0.11050009727478027, 0.13135790824890137, 0.13074588775634766,
    0.1306769847869873, 0.1124272346496582, 0.13053512573242188,
    0.13128900527954102, 0.13001298904418945, 0.13055706024169922,
    0.1303870677947998, 0.12996315956115723, 0.13097810745239258,
    0.1264328956604004, 0.12138199806213379, 0.11607527732849121,
    0.10927224159240723, 0.11452031135559082, 0.11455130577087402,
    0.11324119567871094, 0.11416125297546387, 0.11472535133361816,
    0.11566519737243652, 0.11643314361572266, 0.1152334213256836,
    0.11550426483154297, 0.11398434638977051, 0.07340598106384277,
    0.11493134498596191, 0.11450529098510742, 0.11310029029846191,
    0.09811162948608398, 0.11135435104370117, 0.10858726501464844,
    0.11143016815185547, 0.10952234268188477, 0.10938119888305664,
    0.10900545120239258, 0.11040854454040527, 0.11095237731933594,
    0.11047220230102539, 0.11053943634033203, 0.1112062931060791,
    0.11150813102722168, 0.11082243919372559, 0.1105501651763916,
    0.08867573738098145, 0.11035537719726562, 0.0980064868927002,
    0.09000062942504883, 0.10951638221740723, 0.10312628746032715,
    0.08967471122741699, 0.10790228843688965, 0.10679149627685547,
    0.10494542121887207, 0.10291767120361328, 0.10320663452148438,
    0.10949945449829102, 0.10505223274230957, 0.10578131675720215,
    0.08371877670288086, 0.10254240036010742, 0.0897517204284668,
    0.0893256664276123, 0.09015154838562012, 0.09574151039123535,
    0.09760665893554688, 0.09288358688354492, 0.09606552124023438,
    0.08940958976745605, 0.09537267684936523, 0.09485554695129395,
    0.08925962448120117, 0.08916854858398438, 0.08903264999389648,
    0.07593870162963867, 0.0813436508178711, 0.08863663673400879,
    0.0894777774810791, 0.0891265869140625, 0.08800387382507324,
    0.09748029708862305, 0.10985827445983887, 0.10848331451416016,
    0.10944843292236328, 0.11084818840026855, 0.10841727256774902,
    0.10851335525512695, 0.10144639015197754, 0.10146546363830566,
    0.08319664001464844, 0.09907865524291992, 0.09623360633850098,
    0.09532761573791504, 0.08944559097290039, 0.0956566333770752,
    0.08835077285766602, 0.08157873153686523, 0.0815727710723877,
    0.0800166130065918, 0.07967567443847656, 0.07465386390686035,
    0.07825589179992676, 0.07751083374023438, 0.07765889167785645,
    0.07190895080566406, 0.07752776145935059, 0.07744598388671875,
    0.07610082626342773, 0.07651472091674805, 0.0753030776977539,
    0.07596206665039062, 0.07547187805175781, 0.07607483863830566,
    0.07557988166809082, 0.07447290420532227, 0.07443690299987793,
    0.07494282722473145, 0.07538199424743652, 0.07494688034057617,
    0.06793498992919922, 0.0742959976196289, 0.07389974594116211,
    0.07311606407165527, 0.07296276092529297, 0.0720529556274414,
    0.06822800636291504, 0.0715179443359375, 0.07190489768981934,
    0.07188296318054199, 0.07150387763977051, 0.07195401191711426,
    0.07179474830627441, 0.07182979583740234, 0.07232880592346191,
    0.06676697731018066, 0.07241296768188477, 0.07244682312011719,
    0.07045292854309082, 0.07182884216308594, 0.06961989402770996,
    0.07103300094604492, 0.07244586944580078, 0.07223677635192871,
    0.07146000862121582, 0.07152891159057617, 0.07129192352294922,
    0.07149195671081543, 0.07184505462646484, 0.07204985618591309,
    0.0649869441986084, 0.0663461685180664, 0.06952786445617676,
    0.07060480117797852, 0.07027506828308105, 0.06963181495666504,
    0.06990289688110352, 0.06992602348327637, 0.07005596160888672,
    0.07000589370727539, 0.0692439079284668, 0.06842589378356934,
    0.06865501403808594, 0.068634033203125, 0.06827998161315918,
    0.1239931583404541, 0.0683128833770752, 0.06837797164916992,
    0.06691694259643555, 0.06808114051818848, 0.06721615791320801,
    0.06721210479736328, 0.06799101829528809, 0.06805181503295898,
    0.06826996803283691, 0.06791400909423828, 0.12914800643920898,
    0.06738400459289551, 0.06723904609680176, 0.06740117073059082,
    0.06394195556640625, 0.06583404541015625, 0.06580495834350586,
    0.0648961067199707, 0.0652010440826416, 0.06479215621948242,
    0.06469202041625977, 0.0648188591003418, 0.0647580623626709,
    0.06368303298950195, 0.06429910659790039, 0.06469988822937012,
    0.0638589859008789, 0.06417107582092285, 0.06433320045471191,
    0.1194610595703125, 0.1273961067199707, 0.12929010391235352,
    0.12020015716552734, 0.11915326118469238, 0.12136030197143555,
    0.11369442939758301, 0.11844325065612793, 0.11869406700134277,
    0.11774945259094238, 0.1181483268737793, 0.11839127540588379,
    0.11539006233215332, 0.11815905570983887, 0.11761617660522461,
    0.11807727813720703, 0.11787915229797363, 0.1181333065032959,
    0.11785411834716797, 0.1175394058227539, 0.11652112007141113,
    0.11554431915283203, 0.11598515510559082, 0.11557126045227051,
    0.11546635627746582, 0.09368562698364258, 0.11584234237670898,
    0.11517047882080078, 0.11518335342407227, 0.11491537094116211,
    0.11502337455749512, 0.10245847702026367, 0.11578845977783203,
    0.11516332626342773, 0.11522340774536133, 0.11389732360839844,
    0.11447930335998535, 0.1131441593170166, 0.06991195678710938,
    0.10972929000854492, 0.10626649856567383, 0.10953831672668457,
    0.10967850685119629, 0.1095423698425293, 0.10965323448181152,
    0.10635852813720703, 0.10914945602416992, 0.10893535614013672,
    0.10766243934631348, 0.10910534858703613, 0.10603952407836914,
    0.1069025993347168, 0.1085214614868164, 0.10598444938659668,
    0.1043403148651123, 0.10531234741210938, 0.08864569664001465,
    0.09992456436157227, 0.10331463813781738, 0.09855842590332031,
    0.0997476577758789, 0.10037636756896973, 0.10143256187438965,
    0.08907270431518555, 0.10134744644165039, 0.09503340721130371,
    0.10035848617553711, 0.10015368461608887, 0.10103249549865723,
    0.09683370590209961, 0.09562444686889648, 0.09344673156738281,
    0.09234952926635742, 0.09453582763671875, 0.09590458869934082,
    0.0781259536743164, 0.09099364280700684, 0.08991050720214844,
    0.0901327133178711, 0.08877849578857422, 0.09024763107299805,
    0.08116984367370605, 0.0935966968536377, 0.09061264991760254,
    0.08913969993591309, 0.08896160125732422, 0.08974051475524902,
    0.08893060684204102, 0.07568097114562988, 0.08818578720092773,
    0.08826375007629395, 0.08790278434753418, 0.08864378929138184,
    0.0883786678314209, 0.08787369728088379, 0.08888459205627441,
    0.08688473701477051, 0.08638572692871094, 0.0873568058013916,
    0.08795881271362305, 0.08506894111633301, 0.07650089263916016
  ],
  "time_to_write_image": [0]
}
