{
  "time_to_write_image": [0],
  "loop_img_time": [
    0.443056583404541, 0.26715898513793945, 0.26881980895996094,
    0.26845288276672363, 0.2684149742126465, 0.26830387115478516,
    0.2683389186859131, 0.26349902153015137, 0.2672088146209717,
    0.26677680015563965, 0.26706385612487793, 0.26634693145751953,
    0.26650571823120117, 0.26621389389038086, 0.266298770904541,
    0.2655150890350342, 0.2634451389312744, 0.26519083976745605,
    0.2646658420562744, 0.26459383964538574, 0.2635529041290283,
    0.2636699676513672, 0.2637779712677002, 0.25887608528137207,
    0.2611198425292969, 0.2620398998260498, 0.2540721893310547,
    0.253709077835083, 0.2503020763397217, 0.20791935920715332,
    0.24742603302001953, 0.2471141815185547, 0.2481679916381836,
    0.24706602096557617, 0.24770402908325195, 0.2469489574432373,
    0.2460770606994629, 0.24648308753967285, 0.24384713172912598,
    0.24511194229125977, 0.2458500862121582, 0.2458500862121582,
    0.245650053024292, 0.24599313735961914, 0.24541807174682617,
    0.24480605125427246, 0.2370452880859375, 0.24526715278625488,
    0.2445812225341797, 0.24467206001281738, 0.24352192878723145,
    0.2432389259338379, 0.24350786209106445, 0.24339699745178223,
    0.22287344932556152, 0.23728108406066895, 0.23842406272888184,
    0.23469924926757812, 0.23598718643188477, 0.23130011558532715,
    0.23226523399353027, 0.21474027633666992, 0.2304670810699463,
    0.2293531894683838, 0.23072028160095215, 0.22789406776428223,
    0.24059700965881348, 0.21506023406982422, 0.22278237342834473,
    0.2228102684020996, 0.22292041778564453, 0.22275543212890625,
    0.2230820655822754, 0.22269225120544434, 0.2227311134338379,
    0.22206521034240723, 0.2091841697692871, 0.221832275390625,
    0.22199440002441406, 0.2104053497314453, 0.21541237831115723,
    0.2156362533569336, 0.21587133407592773, 0.21452832221984863,
    0.21491241455078125, 0.21509432792663574, 0.21339750289916992,
    0.2134392261505127, 0.2127513885498047, 0.21178126335144043,
    0.21254539489746094, 0.20833325386047363, 0.21135735511779785,
    0.21147942543029785, 0.2115023136138916, 0.21163630485534668,
    0.2119753360748291, 0.21156644821166992, 0.21084928512573242,
    0.21115732192993164, 0.2103862762451172, 0.21059536933898926,
    0.21045517921447754, 0.2101743221282959, 0.2081143856048584,
    0.21028733253479004, 0.23071908950805664, 0.21378540992736816,
    0.2074422836303711, 0.20832347869873047, 0.2080843448638916,
    0.20745253562927246, 0.2073802947998047, 0.2072303295135498,
    0.20653343200683594, 0.206282377243042, 0.20554232597351074,
    0.20560741424560547, 0.20566725730895996, 0.20532846450805664,
    0.20537734031677246, 0.23887324333190918, 0.23221826553344727,
    0.22577333450317383, 0.22528505325317383, 0.22492218017578125,
    0.22495222091674805, 0.22405529022216797, 0.22424530982971191,
    0.21012043952941895, 0.21819829940795898, 0.22255229949951172,
    0.22239232063293457, 0.22209715843200684, 0.2217411994934082,
    0.22086524963378906, 0.2082843780517578, 0.21220731735229492,
    0.23987817764282227, 0.22295331954956055, 0.21616721153259277,
    0.21219730377197266, 0.21067452430725098, 0.20827841758728027,
    0.20630931854248047, 0.209822416305542, 0.2408590316772461,
    0.215651273727417, 0.2104504108428955, 0.20518946647644043,
    0.20922517776489258, 0.21310138702392578, 0.20803213119506836,
    0.2056574821472168, 0.2380971908569336, 0.21289634704589844,
    0.20755243301391602, 0.20391631126403809, 0.21934223175048828,
    0.22304821014404297, 0.2073051929473877, 0.204026460647583,
    0.2307431697845459, 0.21624040603637695, 0.21039319038391113,
    0.22560620307922363, 0.2069544792175293, 0.20695018768310547,
    0.2222611904144287, 0.20369744300842285, 0.23871493339538574,
    0.2073814868927002, 0.2067093849182129, 0.2211291790008545,
    0.2033693790435791, 0.23944520950317383, 0.20714640617370605,
    0.20558834075927734, 0.22124719619750977, 0.2061302661895752,
    0.22101235389709473, 0.20381736755371094, 0.22743821144104004,
    0.20558738708496094, 0.2193593978881836, 0.20702338218688965,
    0.21350717544555664, 0.20687150955200195, 0.2101433277130127,
    0.20593929290771484, 0.21129441261291504, 0.2053685188293457,
    0.20752239227294922, 0.20200443267822266, 0.20710253715515137,
    0.20544838905334473, 0.20955419540405273, 0.20553350448608398,
    0.20645618438720703, 0.2033073902130127, 0.2042691707611084,
    0.20289230346679688, 0.20546627044677734, 0.2020583152770996,
    0.2034611701965332, 0.22134137153625488, 0.20497846603393555,
    0.20603227615356445, 0.20675110816955566, 0.206099271774292,
    0.203202486038208, 0.22188925743103027, 0.20375728607177734,
    0.20362043380737305, 0.22106719017028809, 0.20222043991088867,
    0.20240044593811035, 0.21794414520263672, 0.20148539543151855,
    0.20394635200500488, 0.20513129234313965, 0.20330524444580078,
    0.20653724670410156, 0.23042798042297363, 0.2022264003753662,
    0.2021622657775879, 0.2088451385498047, 0.2271730899810791,
    0.2017223834991455, 0.2050163745880127, 0.20253849029541016,
    0.20539426803588867, 0.22667407989501953, 0.21282219886779785,
    0.20104527473449707, 0.20636248588562012, 0.20669341087341309,
    0.20635032653808594, 0.20618414878845215, 0.20669341087341309,
    0.20639538764953613, 0.20610928535461426, 0.2062053680419922,
    0.20542430877685547, 0.20610332489013672, 0.206437349319458,
    0.20108532905578613, 0.20402050018310547, 0.2039501667022705,
    0.2049105167388916, 0.20528435707092285, 0.20421433448791504,
    0.20344829559326172, 0.20299839973449707, 0.20087146759033203,
    0.20194649696350098, 0.20268845558166504, 0.20168137550354004,
    0.20225214958190918, 0.21908020973205566, 0.21542119979858398,
    0.19978022575378418, 0.2011263370513916, 0.20075130462646484,
    0.20029234886169434, 0.20053648948669434, 0.20050740242004395,
    0.200392484664917, 0.20916533470153809, 0.2306201457977295,
    0.22619104385375977, 0.22435712814331055, 0.2073533535003662,
    0.21592307090759277, 0.22359323501586914, 0.2244412899017334,
    0.2261641025543213, 0.22278332710266113, 0.22327327728271484,
    0.2081770896911621, 0.21256518363952637, 0.21586823463439941,
    0.21651029586791992, 0.21248817443847656, 0.21042728424072266,
    0.2032332420349121, 0.20325827598571777, 0.22847509384155273,
    0.2128753662109375, 0.2152252197265625, 0.2334282398223877,
    0.21324849128723145, 0.20737314224243164, 0.20434927940368652,
    0.20252037048339844, 0.2189781665802002, 0.21903705596923828,
    0.20345044136047363, 0.20222926139831543, 0.22751331329345703
  ],